{
  "loss": 0.00022491169511340559,
  "val_loss": 0.0003207841655239463,
  "epoch": 32,
  "global_step": 189024
}