{
  "loss": 0.0002314048761036247,
  "val_loss": 0.0002808900608215481,
  "epoch": 24,
  "global_step": 143200
}