{
  "loss": 0.00025926230591721833,
  "val_loss": 0.0003523405466694385,
  "epoch": 5,
  "global_step": 34326
}