{
  "loss": 0.00021924237080384046,
  "val_loss": 0.0002925231237895787,
  "epoch": 38,
  "global_step": 223119
}